token	0	1	2	3	mean	std	category	conccat	VQA	batch
bike	4.0	4.0	4.0		4.0	0.0	modifier	C	0.9924596548080444	0
coffee	4.0	4.0	4.0		4.0	0.0	modifier	C	0.9897364974021912	0
puppy dog	4.0	4.0	4.0		4.0	0.0	compound	CC	0.9933360815048218	0
wedding photography	4.0	4.0	4.0		4.0	0.0	compound	CC	0.9860563278198242	0
wedding party	4.0	4.0	4.0		4.0	0.0	compound	CC	0.9799360632896424	0
web conference	4.0	4.0	4.0	4.0	4.0	0.0	compound	CC	0.9876203536987304	1
dog food	4.0	4.0	4.0		4.0	0.0	compound	CC	0.9633259177207948	2
rowing machine	4.0	4.0	4.0		4.0	0.0	compound	CC	0.983293890953064	2
pyramid	4.0	4.0	4.0		4.0	0.0	modifier	C	0.9744526147842408	2
road closure	4.0	4.0	4.0		4.0	0.0	compound	CA	0.9897328019142152	2
horror	4.0	4.0	4.0		4.0	0.0	modifier	A	0.9937293529510498	2
office	4.0	4.0	4.0		4.0	0.0	modifier	C	0.9954018592834472	3
dog	4.0	4.0	4.0		4.0	0.0	headmod	C	0.9924596548080444	3
wedding cake	4.0	4.0	4.0		4.0	0.0	compound	CC	0.9914288520812988	3
construction	4.0	4.0	4.0		4.0	0.0	modifier	C	0.994792938232422	3
ball	4.0	4.0	4.0		4.0	0.0	modifier	C	0.9890734553337096	4
dining area	4.0	4.0	4.0		4.0	0.0	compound	CC	0.9876846671104432	4
family dog	4.0	4.0	4.0		4.0	0.0	compound	CC	0.9744513034820556	4
family album	4.0	4.0	4.0		4.0	0.0	compound	CC	0.9537385106086732	4
laboratory	4.0	4.0	4.0		4.0	0.0	modifier	C	0.9933066368103028	4
prom queen	4.0	4.0	4.0		4.0	0.0	compound	CC	0.9185448288917542	4
health food	4.0	4.0	4.0		4.0	0.0	compound	AC	0.9929111003875732	4
war	4.0	4.0	4.0		4.0	0.0	modifier	C	0.991972029209137	4
horse	4.0	4.0	4.0		4.0	0.0	modifier	C	0.9954018592834472	4
school dinner	4.0	4.0	4.0		4.0	0.0	compound	CC	0.9417059421539308	4
puppy	4.0	4.0	4.0		4.0	0.0	modifier	C	0.9903407096862792	5
hen	4.0	4.0	4.0		4.0	0.0	modifier	C	0.4835674166679382	5
wedding day	4.0	4.0	4.0		4.0	0.0	compound	CC	0.9964041709899902	5
arcade game	4.0	4.0	4.0		4.0	0.0	compound	CC	0.8933345675468445	6
safety helmet	4.0	4.0	4.0		4.0	0.0	compound	AC	0.9675769805908204	6
sheet music	4.0	4.0	4.0		4.0	0.0	compound	CC	0.985153317451477	7
bank card	4.0	4.0	4.0		4.0	0.0	compound	CC	0.9758807420730592	7
machine	4.0	4.0	4.0		4.0	0.0	head	C	0.9832944869995116	7
safety equipment	4.0	4.0	4.0		4.0	0.0	compound	AC	0.9933279752731324	7
queen	4.0	4.0	4.0		4.0	0.0	head	C	0.9509457945823668	7
ballet shoe	4.0	4.0	4.0		4.0	0.0	compound	CC	0.9612197279930116	7
space helmet	4.0	4.0	4.0		4.0	0.0	compound	CC	0.9786239266395568	8
dinner	4.0	4.0	4.0		4.0	0.0	headmod	C	0.9675766229629515	8
steel helmet	4.0	4.0	4.0		4.0	0.0	compound	CC	0.9417065382003784	9
surgery	4.0	4.0	4.0		4.0	0.0	head	C	0.9876211881637572	10
toilet paper	4.0	4.0	4.0		4.0	0.0	compound	CC	0.9773106575012208	10
sausage dog	4.0	4.0	4.0		4.0	0.0	compound	CC	0.8688126802444458	10
camping area	4.0	4.0	4.0		4.0	0.0	compound	CC	0.9799374341964722	10
dining	4.0	4.0	4.0		4.0	0.0	modifier	C	0.9903397560119628	10
baby	4.0	4.0	4.0		4.0	0.0	modifier	C	0.9914909601211548	10
art	4.0	4.0	4.0		4.0	0.0	modifier	C	0.9822058081626892	11
rowing	4.0	4.0	4.0		4.0	0.0	modifier	C	0.9868979454040528	11
space station	4.0	4.0	4.0		4.0	0.0	compound	CC	0.978623628616333	11
wedding	4.0	4.0	4.0		4.0	0.0	modifier	C	0.996176540851593	11
cake	4.0	4.0	4.0		4.0	0.0	head	C	0.9933378100395204	11
family dinner	4.0	3.0	4.0	4.0	3.75	0.5	compound	CC	0.974443018436432	1
studio	4.0	4.0	3.0	4.0	3.75	0.5	modifier	C	0.9924288988113404	1
novelty	4.0	4.0	3.0		3.6666666666666665	0.5773502691896258	modifier	A	0.9937052726745604	0
dinner party	3.0	4.0	4.0		3.6666666666666665	0.5773502691896258	compound	CC	0.965451955795288	0
camping	3.0	4.0	4.0		3.6666666666666665	0.5773502691896258	modifier	C	0.9950965046882628	0
gym equipment	3.0	4.0	4.0		3.6666666666666665	0.5773502691896258	compound	CC	0.993337333202362	0
fantasy	4.0	3.0	4.0		3.6666666666666665	0.5773502691896258	modifier	A	0.9940951466560364	2
helmet	3.0	4.0	4.0		3.6666666666666665	0.5773502691896258	head	C	0.974452257156372	2
street	3.0	4.0	4.0		3.6666666666666665	0.5773502691896258	modifier	C	0.9799394011497498	3
brain	4.0	3.0	4.0		3.6666666666666665	0.5773502691896258	modifier	C	0.9903408288955688	3
tea	4.0	4.0	3.0		3.6666666666666665	0.5773502691896258	modifier	C	0.9799383282661438	3
library	3.0	4.0	4.0		3.6666666666666665	0.5773502691896258	modifier	C	0.9908855557441713	3
horror fan	4.0	3.0	4.0		3.6666666666666665	0.5773502691896258	compound	AC	0.9810143113136292	4
shoe box	4.0	4.0	3.0		3.6666666666666665	0.5773502691896258	compound	CC	0.8478596806526184	4
bike helmet	4.0	4.0	3.0		3.6666666666666665	0.5773502691896258	compound	CC	0.99446040391922	4
letter	4.0	3.0	4.0		3.6666666666666665	0.5773502691896258	modifier	C	0.8933351635932922	4
child	3.0	4.0	4.0		3.6666666666666665	0.5773502691896258	modifier	C	0.9909461140632628	5
war movie	3.0	4.0	4.0		3.6666666666666665	0.5773502691896258	compound	CC	0.9851566553115844	5
heart	4.0	3.0	4.0		3.6666666666666665	0.5773502691896258	modifier	C	0.9633309841156006	5
bus station	4.0	4.0	3.0		3.6666666666666665	0.5773502691896258	compound	CC	0.9711260795593262	5
sewing	3.0	4.0	4.0		3.6666666666666665	0.5773502691896258	modifier	C	0.9937265515327454	5
wine dinner	4.0	3.0	4.0		3.6666666666666665	0.5773502691896258	compound	CC	0.971125066280365	6
street food	4.0	3.0	4.0		3.6666666666666665	0.5773502691896258	compound	CC	0.9832826852798462	6
tea service	4.0	3.0	4.0		3.6666666666666665	0.5773502691896258	compound	CA	0.9822041988372804	6
hockey game	4.0	3.0	4.0		3.6666666666666665	0.5773502691896258	compound	CC	0.9860587120056152	6
lunch	4.0	3.0	4.0		3.6666666666666665	0.5773502691896258	modifier	C	0.9563044905662536	6
prom	4.0	3.0	4.0		3.6666666666666665	0.5773502691896258	modifier	C	0.9897328019142152	7
word processing	4.0	3.0	4.0		3.6666666666666665	0.5773502691896258	compound	CA	0.9811334013938904	7
recording equipment	4.0	3.0	4.0		3.6666666666666665	0.5773502691896258	compound	CC	0.9919636845588684	7
emergency closure	4.0	4.0	3.0		3.6666666666666665	0.5773502691896258	compound	AA	0.9588693976402284	8
carnival queen	4.0	3.0	4.0		3.6666666666666665	0.5773502691896258	compound	CC	0.9744497537612916	8
ticket barrier	4.0	4.0	3.0		3.6666666666666665	0.5773502691896258	compound	CC	0.9311915040016174	8
field	4.0	4.0	3.0		3.6666666666666665	0.5773502691896258	modifier	C	0.9822149276733398	8
boat	4.0	3.0	4.0		3.6666666666666665	0.5773502691896258	modifier	C	0.9929143190383912	9
summer romance	4.0	3.0	4.0		3.6666666666666665	0.5773502691896258	compound	CA	0.9727777242660522	9
sewing machine	4.0	3.0	4.0		3.6666666666666665	0.5773502691896258	compound	CC	0.9903415441513062	9
corn dog	4.0	3.0	4.0		3.6666666666666665	0.5773502691896258	compound	CC	0.9230425357818604	10
baby shoe	4.0	3.0	4.0		3.6666666666666665	0.5773502691896258	compound	CC	0.9909461140632628	10
potato	4.0	4.0	3.0		3.6666666666666665	0.5773502691896258	modifier	C	0.9842551350593568	11
library card	3.0	4.0	4.0		3.6666666666666665	0.5773502691896258	compound	CC	0.9612191319465636	11
arcade	4.0	3.0	4.0		3.6666666666666665	0.5773502691896258	modifier	C	0.993338406085968	11
gym	4.0	3.0	3.0	4.0	3.5	0.5773502691896257	modifier	C	0.9897373914718628	1
space	4.0	3.0	3.0	4.0	3.5	0.5773502691896257	modifier	C	0.9851529002189636	1
emergency surgery	4.0	3.0	4.0	3.0	3.5	0.5773502691896257	compound	AC	0.9347964525222778	1
emergency equipment	3.0	3.0	4.0	4.0	3.5	0.5773502691896257	compound	AC	0.9883992075920104	1
studio album	4.0	4.0	3.0	3.0	3.5	0.5773502691896257	compound	CC	0.9588766694068908	1
ballet	4.0	2.0	4.0		3.3333333333333335	1.1547005383792515	modifier	C	0.9909433722496032	0
radio	2.0	4.0	4.0		3.3333333333333335	1.1547005383792515	modifier	C	0.975879728794098	0
ice	2.0	4.0	4.0		3.3333333333333335	1.1547005383792515	modifier	C	0.9633329510688782	2
macro photography	4.0	2.0	4.0		3.3333333333333335	1.1547005383792515	compound	AC	0.9876481294631958	2
art critic	4.0	2.0	4.0		3.3333333333333335	1.1547005383792515	compound	CC	0.8876814842224121	5
ear protection	2.0	4.0	4.0		3.3333333333333335	1.1547005383792515	compound	CA	0.9786229729652404	5
construction paper	4.0	2.0	4.0		3.3333333333333335	1.1547005383792515	compound	CC	0.9230386018753052	7
food service	4.0	2.0	4.0		3.3333333333333335	1.1547005383792515	compound	CA	0.9884070754051208	8
safety shoe	4.0	2.0	4.0		3.3333333333333335	1.1547005383792515	compound	AC	0.9038625955581664	9
wine	4.0	2.0	4.0		3.3333333333333335	1.1547005383792515	modifier	C	0.9876850843429564	9
family day	4.0	4.0	2.0		3.3333333333333335	1.1547005383792515	compound	CC	0.8816196322441101	10
country music	4.0	3.0	3.0		3.3333333333333335	0.5773502691896258	compound	CC	0.9612180590629578	0
lunch box	3.0	4.0	3.0		3.3333333333333335	0.5773502691896258	compound	CC	0.9417073130607604	2
gala dinner	3.0	3.0	4.0		3.3333333333333335	0.5773502691896258	compound	CC	0.9744513034820556	2
card game	3.0	3.0	4.0		3.3333333333333335	0.5773502691896258	compound	CC	0.9914907813072203	2
food	3.0	3.0	4.0		3.3333333333333335	0.5773502691896258	headmod	C	0.9884069561958312	2
romance	4.0	3.0	3.0		3.3333333333333335	0.5773502691896258	headmod	A	0.9868338704109192	3
cup	3.0	4.0	3.0		3.3333333333333335	0.5773502691896258	modifier	C	0.9612202048301696	3
tree surgery	4.0	3.0	3.0		3.3333333333333335	0.5773502691896258	compound	CC	0.9693408012390136	3
street party	3.0	3.0	4.0		3.3333333333333335	0.5773502691896258	compound	CC	0.9449307918548584	5
food processing	3.0	3.0	4.0		3.3333333333333335	0.5773502691896258	compound	CA	0.9821885228157043	5
music fan	3.0	3.0	4.0		3.3333333333333335	0.5773502691896258	compound	CC	0.9842545986175536	5
family romance	4.0	3.0	3.0		3.3333333333333335	0.5773502691896258	compound	CA	0.9675647020339966	6
gala	3.0	3.0	4.0		3.3333333333333335	0.5773502691896258	modifier	C	0.9727877378463744	6
service dog	3.0	3.0	4.0		3.3333333333333335	0.5773502691896258	compound	AC	0.5653444528579712	6
convenience food	4.0	3.0	3.0		3.3333333333333335	0.5773502691896258	compound	AC	0.9727662205696106	6
hockey fan	4.0	3.0	3.0		3.3333333333333335	0.5773502691896258	compound	CC	0.7287623882293701	7
laboratory equipment	3.0	3.0	4.0		3.3333333333333335	0.5773502691896258	compound	CC	0.9908420443534852	8
fruit cake	4.0	3.0	3.0		3.3333333333333335	0.5773502691896258	compound	CC	0.9537389278411864	8
party	3.0	3.0	4.0		3.3333333333333335	0.5773502691896258	headmod	C	0.9897364974021912	8
road	3.0	3.0	4.0		3.3333333333333335	0.5773502691896258	modifier	C	0.9727885723114014	8
game day	4.0	3.0	3.0		3.3333333333333335	0.5773502691896258	compound	CC	0.9950974583625792	9
field trip	3.0	3.0	4.0		3.3333333333333335	0.5773502691896258	compound	CC	0.9914282560348512	10
strategy game	4.0	3.0	3.0		3.3333333333333335	0.5773502691896258	compound	AC	0.9897361993789672	10
chamber music	4.0	3.0	3.0		3.3333333333333335	0.5773502691896258	compound	CC	0.9091670513153076	11
gambling	3.0	3.0	4.0		3.3333333333333335	0.5773502691896258	modifier	C	0.9954003095626832	11
hair loss	4.0	3.0	3.0		3.3333333333333335	0.5773502691896258	compound	CA	0.9230310916900636	11
road trip	3.0	4.0	3.0	3.0	3.25	0.5	compound	CC	0.97588050365448	1
peace conference	3.0	4.0	3.0	3.0	3.25	0.5	compound	AC	0.89333176612854	1
service area	3.0	3.0	4.0	3.0	3.25	0.5	compound	AC	0.9588747024536132	1
boat shoe	0.0	4.0	4.0	4.0	3.0	2.0	compound	CC	0.9860585927963256	1
ceiling fan	4.0	1.0	4.0		3.0	1.7320508075688772	compound	CC	0.9786241054534912	0
bus	4.0	4.0	1.0		3.0	1.7320508075688772	modifier	C	0.394676148891449	4
image	1.0	4.0	4.0		3.0	1.7320508075688772	modifier	C	0.9588764905929564	5
brain surgery	4.0	1.0	4.0		3.0	1.7320508075688772	compound	CC	0.9773001670837402	6
service quality	4.0	1.0	4.0		3.0	1.7320508075688772	compound	AA	0.9347989559173584	6
identity paper	1.0	4.0	4.0		3.0	1.7320508075688772	compound	AC	0.9230418801307678	8
boat trip	4.0	1.0	4.0		3.0	1.7320508075688772	compound	CC	0.9884087443351746	9
tree	2.0	2.0	4.0	4.0	3.0	1.1547005383792515	modifier	C	0.9449328780174256	1
letter box	2.0	4.0	3.0		3.0	1.0	compound	CC	0.961219608783722	0
emergency service	2.0	3.0	4.0		3.0	1.0	compound	AA	0.9786219596862792	0
service station	2.0	3.0	4.0		3.0	1.0	compound	AC	0.9811354279518129	0
entry barrier	2.0	3.0	4.0		3.0	1.0	compound	CC	0.965453326702118	3
fruit	4.0	2.0	3.0		3.0	1.0	modifier	C	0.9876848459243774	3
factory	2.0	4.0	3.0		3.0	1.0	modifier	C	0.9897367358207704	4
culture	4.0	3.0	2.0		3.0	1.0	modifier	A	0.9562910199165344	4
street photography	4.0	3.0	2.0		3.0	1.0	compound	CC	0.98972487449646	4
summer	4.0	2.0	3.0		3.0	1.0	modifier	C	0.9449329376220704	4
tool	2.0	4.0	3.0		3.0	1.0	modifier	C	0.9924596548080444	5
water quality	3.0	2.0	4.0		3.0	1.0	compound	CA	0.898535430431366	6
equipment	4.0	2.0	3.0		3.0	1.0	head	C	0.9758795499801636	6
bank	4.0	2.0	3.0		3.0	1.0	modifier	C	0.9271085858345032	6
glove box	4.0	3.0	2.0		3.0	1.0	compound	CC	0.9271081686019896	7
ticket machine	4.0	3.0	2.0		3.0	1.0	compound	CC	0.931191623210907	7
corn	4.0	2.0	3.0		3.0	1.0	modifier	C	0.3002535998821258	7
gangster	4.0	3.0	2.0		3.0	1.0	modifier	C	0.7287626266479492	7
horse shoe	4.0	2.0	3.0		3.0	1.0	compound	CC	0.7063380479812622	8
eye	2.0	3.0	4.0		3.0	1.0	modifier	C	0.9897375702857972	8
tool box	2.0	3.0	4.0		3.0	1.0	compound	CC	0.9712457656860352	9
sheep	3.0	2.0	4.0		3.0	1.0	modifier	C	0.9940961003303528	9
cup cake	2.0	3.0	4.0		3.0	1.0	compound	CC	0.9903408288955688	9
food photography	4.0	2.0	3.0		3.0	1.0	compound	CC	0.9537331461906432	9
school trip	4.0	2.0	3.0		3.0	1.0	compound	CC	0.9758790731430054	9
game	4.0	2.0	3.0		3.0	1.0	headmod	C	0.9635695815086364	10
gift card	3.0	2.0	4.0		3.0	1.0	compound	CC	0.738792896270752	10
factory closure	3.0	3.0	3.0		3.0	0.0	compound	CA	0.7287600040435791	0
conservation	3.0	3.0	3.0		3.0	0.0	modifier	A	0.9348316192626952	4
conference	3.0	3.0	3.0		3.0	0.0	head	C	0.9675753116607666	6
box	3.0	3.0	3.0		3.0	0.0	headmod	C	0.967577576637268	8
spirit photography	3.0	3.0	3.0		3.0	0.0	compound	AC	0.9348267912864684	10
consumer protection	3.0	2.0	3.0	3.0	2.75	0.5	compound	CA	0.9140411019325256	1
rice paper	3.0	3.0	3.0	2.0	2.75	0.5	compound	CC	0.3537855744361877	1
portrait	0.0	4.0	4.0		2.6666666666666665	2.3094010767585034	modifier	C	0.9884066581726074	7
tea party	4.0	4.0	0.0		2.6666666666666665	2.3094010767585034	compound	CC	0.8478553295135498	8
fantasy romance	3.0	1.0	4.0		2.6666666666666665	1.5275252316519465	compound	AA	0.6381222009658813	9
folk	2.0	2.0	4.0		2.6666666666666665	1.1547005383792515	modifier	C	0.9744505882263184	2
hockey	2.0	4.0	2.0		2.6666666666666665	1.1547005383792515	modifier	C	0.9612181186676024	3
farewell party	4.0	2.0	2.0		2.6666666666666665	1.1547005383792515	compound	AC	0.6609574556350708	6
food quality	2.0	2.0	4.0		2.6666666666666665	1.1547005383792515	compound	CA	0.950934648513794	11
brain food	3.0	3.0	2.0		2.6666666666666665	0.5773502691896258	compound	CC	0.9868355393409728	0
tennis shoe	3.0	3.0	2.0		2.6666666666666665	0.5773502691896258	compound	CC	0.9230424165725708	0
pain	2.0	3.0	3.0		2.6666666666666665	0.5773502691896258	modifier	C	0.972771942615509	3
tennis	3.0	2.0	3.0		2.6666666666666665	0.5773502691896258	modifier	C	0.9937310814857484	7
selection box	2.0	3.0	3.0		2.6666666666666665	0.5773502691896258	compound	AC	0.961219608783722	9
romance movie	2.0	3.0	3.0		2.6666666666666665	0.5773502691896258	compound	AC	0.9876247048377992	10
language barrier	2.0	3.0	3.0		2.6666666666666665	0.5773502691896258	compound	AC	0.8066079020500183	11
hen party	3.0	3.0	2.0		2.6666666666666665	0.5773502691896258	compound	CC	0.9140703082084656	11
soul food	2.0	3.0	3.0		2.6666666666666665	0.5773502691896258	compound	AC	0.9786182045936584	11
gangster movie	3.0	1.0	3.0	3.0	2.5	1.0	compound	CC	0.9773104190826416	1
macro	0.0	3.0	4.0		2.3333333333333335	2.081665999466133	modifier	A	0.9832876324653624	4
office romance	4.0	3.0	0.0		2.3333333333333335	2.081665999466133	compound	CA	0.8544621467590332	4
image quality	4.0	0.0	3.0		2.3333333333333335	2.081665999466133	compound	CA	0.5787540078163147	9
hill	1.0	4.0	2.0		2.3333333333333335	1.5275252316519468	modifier	C	0.7387940883636475	2
family	4.0	1.0	2.0		2.3333333333333335	1.5275252316519468	modifier	C	0.9950861930847168	3
steel	1.0	4.0	2.0		2.3333333333333335	1.5275252316519468	modifier	C	0.9588759541511536	5
consumer	4.0	1.0	2.0		2.3333333333333335	1.5275252316519468	modifier	C	0.9897364974021912	6
room service	4.0	1.0	2.0		2.3333333333333335	1.5275252316519468	compound	CA	0.977305829524994	7
horror movie	1.0	2.0	4.0		2.3333333333333335	1.5275252316519465	compound	AC	0.991429090499878	2
case conference	2.0	1.0	4.0		2.3333333333333335	1.5275252316519465	compound	CC	0.7795603275299072	2
pension scheme	2.0	1.0	4.0		2.3333333333333335	1.5275252316519465	compound	CA	0.8545001745223999	4
elimination	4.0	2.0	1.0		2.3333333333333335	1.5275252316519465	modifier	A	0.5187918543815613	4
sheet	2.0	1.0	4.0		2.3333333333333335	1.5275252316519465	modifier	C	0.8933348655700684	8
web	3.0	3.0	1.0		2.3333333333333335	1.1547005383792515	modifier	C	0.9038636684417723	0
novelty cake	3.0	1.0	3.0		2.3333333333333335	1.1547005383792515	compound	AC	0.6257814168930054	3
music critic	3.0	1.0	3.0		2.3333333333333335	1.1547005383792515	compound	CC	0.8872485756874084	4
memory box	3.0	3.0	1.0		2.3333333333333335	1.1547005383792515	compound	AC	0.8876808881759644	8
carnival	3.0	1.0	3.0		2.3333333333333335	1.1547005383792515	modifier	C	0.9933040738105774	9
ballot paper	1.0	3.0	3.0		2.3333333333333335	1.1547005383792515	compound	CC	0.7489575147628784	10
paper	1.0	3.0	3.0		2.3333333333333335	1.1547005383792515	headmod	C	0.8985844254493713	10
consultation paper	1.0	3.0	3.0		2.3333333333333335	1.1547005383792515	compound	AC	0.5653464794158936	11
folk music	3.0	2.0	2.0		2.3333333333333335	0.5773502691896258	compound	CC	0.8876791000366211	0
coffee machine	2.0	2.0	3.0		2.3333333333333335	0.5773502691896258	compound	CC	0.695389449596405	2
quality	3.0	2.0	2.0		2.3333333333333335	0.5773502691896258	head	A	0.9140724539756776	4
ticket	2.0	2.0	3.0		2.3333333333333335	0.5773502691896258	modifier	C	0.7387942671775818	6
photography	3.0	2.0	2.0		2.3333333333333335	0.5773502691896258	head	C	0.9384920597076416	7
parking area	2.0	2.0	3.0		2.3333333333333335	0.5773502691896258	compound	CC	0.7980473637580872	9
memory card	2.0	3.0	2.0		2.3333333333333335	0.5773502691896258	compound	AC	0.9612200260162354	10
farewell dinner	3.0	2.0	2.0		2.3333333333333335	0.5773502691896258	compound	AC	0.8816316723823547	11
guilt	2.0	4.0	0.0		2.0	2.0	modifier	A	0.9348275661468506	0
shoe	0.0	2.0	4.0		2.0	2.0	headmod	C	0.965453565120697	2
toilet	4.0	2.0	0.0		2.0	2.0	modifier	C	0.9811367392539978	10
emotion	1.0	4.0	1.0		2.0	1.7320508075688772	modifier	A	0.9348264932632446	3
way	0.0	3.0	3.0		2.0	1.7320508075688772	modifier	A	0.9758803248405457	3
parking	1.0	1.0	4.0		2.0	1.7320508075688772	modifier	C	0.9537325501441956	3
portrait photography	3.0	0.0	3.0		2.0	1.7320508075688772	compound	CC	0.9933221936225892	6
child protection	3.0	3.0	0.0		2.0	1.7320508075688772	compound	CA	0.9773021340370178	8
family movie	0.0	3.0	3.0		2.0	1.7320508075688772	compound	CC	0.893335223197937	10
plea agreement	0.0	3.0	3.0		2.0	1.7320508075688772	compound	AA	0.4950347542762756	10
hair	1.0	1.0	2.0	4.0	2.0	1.4142135623730951	modifier	C	0.9185453653335572	1
movie	3.0	2.0	1.0		2.0	1.0	headmod	C	0.6953904032707214	0
ball game	2.0	1.0	3.0		2.0	1.0	compound	CC	0.953740119934082	2
food critic	3.0	1.0	2.0		2.0	1.0	compound	CC	0.3002541661262512	4
paper loss	1.0	2.0	3.0		2.0	1.0	compound	CA	0.8478080034255981	5
ego	1.0	2.0	3.0		2.0	1.0	modifier	A	0.8747631311416626	6
material processing	3.0	2.0	1.0		2.0	1.0	compound	CA	0.8620504140853882	7
concept	1.0	3.0	2.0		2.0	1.0	modifier	A	0.9185460209846495	9
horror game	2.0	1.0	3.0		2.0	1.0	compound	AC	0.9612204432487488	9
fan	2.0	1.0	3.0		2.0	1.0	head	C	0.988409161567688	9
agreement	1.0	2.0	3.0		2.0	1.0	head	A	0.971118152141571	10
licensing agreement	1.0	2.0	3.0		2.0	1.0	compound	AA	0.8153778910636902	10
school	3.0	1.0	2.0		2.0	1.0	modifier	C	0.93849515914917	11
material	1.0	2.0	2.0	3.0	2.0	0.816496580927726	modifier	C	0.9271081686019896	1
consultation	2.0	2.0	2.0		2.0	0.0	modifier	A	0.9675736427307128	3
spirit	2.0	2.0	2.0		2.0	0.0	modifier	A	0.8396155834197998	7
station	2.0	2.0	2.0		2.0	0.0	head	C	0.728762686252594	8
plea	2.0	2.0	2.0		2.0	0.0	modifier	A	0.531094491481781	8
guilt trip	2.0	2.0	2.0		2.0	0.0	compound	AC	0.759272575378418	11
party conference	0.0	4.0	2.0	1.0	1.75	1.707825127659933	compound	CC	0.8478554487228394	1
capital equipment	1.0	1.0	4.0	1.0	1.75	1.5	compound	CC	0.9811341762542723	1
country	3.0	0.0	2.0	2.0	1.75	1.2583057392117916	modifier	C	0.8396190404891968	1
elimination game	2.0	1.0	2.0	2.0	1.75	0.5	compound	AC	0.8620507717132568	1
soul	0.0	4.0	1.0		1.6666666666666667	2.0816659994661326	modifier	A	0.8322668075561523	3
hill station	4.0	0.0	1.0		1.6666666666666667	2.0816659994661326	compound	CC	0.9744516015052797	6
language	3.0	2.0	0.0		1.6666666666666667	1.5275252316519468	modifier	A	0.9897369742393494	0
gambling loss	2.0	3.0	0.0		1.6666666666666667	1.5275252316519468	compound	CA	0.6953734159469604	0
health service	2.0	0.0	3.0		1.6666666666666667	1.5275252316519468	compound	AA	0.9654518961906432	2
capital	0.0	2.0	3.0		1.6666666666666667	1.5275252316519468	modifier	C	0.9842501282691956	3
farewell	2.0	0.0	3.0		1.6666666666666667	1.5275252316519468	modifier	A	0.9481663107872008	5
rice	2.0	3.0	0.0		1.6666666666666667	1.5275252316519468	modifier	C	0.5653470754623413	8
potato cake	2.0	3.0	0.0		1.6666666666666667	1.5275252316519468	compound	CC	0.8756281137466431	8
sheep dog	2.0	3.0	0.0		1.6666666666666667	1.5275252316519468	compound	CC	0.8066664934158325	11
tenancy agreement	0.0	3.0	2.0		1.6666666666666667	1.5275252316519465	compound	AA	0.4835661351680755	5
ceiling	3.0	0.0	2.0		1.6666666666666667	1.5275252316519465	modifier	C	0.9897371530532836	9
assessment	3.0	0.0	2.0		1.6666666666666667	1.5275252316519465	modifier	A	0.7980464696884155	11
soul music	1.0	1.0	3.0		1.6666666666666667	1.1547005383792517	compound	AC	0.9799390435218812	2
peace	1.0	1.0	3.0		1.6666666666666667	1.1547005383792517	modifier	A	0.9384920597076416	2
health protection	1.0	3.0	1.0		1.6666666666666667	1.1547005383792517	compound	AA	0.9270893931388856	6
blood	3.0	1.0	1.0		1.6666666666666667	1.1547005383792517	modifier	C	0.9140499830245972	6
drama queen	3.0	1.0	1.0		1.6666666666666667	1.1547005383792517	compound	AC	0.6846069097518921	7
sausage	3.0	1.0	1.0		1.6666666666666667	1.1547005383792517	modifier	C	0.9271079301834106	7
music album	1.0	3.0	1.0		1.6666666666666667	1.1547005383792517	compound	CC	0.9481676816940308	8
entry	3.0	1.0	1.0		1.6666666666666667	1.1547005383792517	modifier	C	0.9185465574264526	9
mood music	2.0	2.0	1.0		1.6666666666666667	0.5773502691896257	compound	AC	0.4835672080516815	0
drama critic	1.0	2.0	2.0		1.6666666666666667	0.5773502691896257	compound	AC	0.9612192511558532	3
road movie	2.0	2.0	1.0		1.6666666666666667	0.5773502691896257	compound	CC	0.903864085674286	5
mood	1.0	2.0	2.0		1.6666666666666667	0.5773502691896257	modifier	A	0.9384918212890624	5
emergency	2.0	1.0	2.0		1.6666666666666667	0.5773502691896257	modifier	A	0.779560923576355	6
concept album	1.0	2.0	2.0		1.6666666666666667	0.5773502691896257	compound	AC	0.8620529770851135	8
suggestion	2.0	1.0	2.0		1.6666666666666667	0.5773502691896257	modifier	A	0.9417065382003784	8
confidentiality agreement	2.0	1.0	2.0		1.6666666666666667	0.5773502691896257	compound	AA	0.8872470259666443	8
drama	2.0	1.0	2.0		1.6666666666666667	0.5773502691896257	modifier	A	0.9842512011528016	9
conservation area	1.0	2.0	2.0		1.6666666666666667	0.5773502691896257	compound	AC	0.56534743309021	9
incentive scheme	2.0	2.0	1.0		1.6666666666666667	0.5773502691896257	compound	AA	0.8478580713272095	10
independence	2.0	1.0	2.0		1.6666666666666667	0.5773502691896257	modifier	A	0.9449137449264526	11
greeting	3.0	0.0	2.0	1.0	1.5	1.2909944487358056	modifier	C	0.8688130974769592	1
language area	0.0	2.0	2.0	2.0	1.5	1.0	compound	AC	0.8876614570617676	1
water	1.0	1.0	1.0	3.0	1.5	1.0	modifier	C	0.9481666684150696	1
capital loss	1.0	3.0	0.0		1.3333333333333333	1.5275252316519468	compound	CA	0.7697097659111023	0
data quality	1.0	0.0	3.0		1.3333333333333333	1.5275252316519468	compound	CA	0.4056171774864197	2
loss	1.0	3.0	0.0		1.3333333333333333	1.5275252316519468	head	A	0.9271060824394226	3
privacy protection	0.0	3.0	1.0		1.3333333333333333	1.5275252316519465	compound	AA	0.9633129239082336	5
memory	0.0	3.0	1.0		1.3333333333333333	1.5275252316519465	modifier	A	0.8816262483596802	10
eye surgery	2.0	2.0	0.0		1.3333333333333333	1.1547005383792517	compound	CC	0.8066644072532654	0
area	2.0	0.0	2.0		1.3333333333333333	1.1547005383792517	head	C	0.9537352323532104	5
ear	2.0	2.0	0.0		1.3333333333333333	1.1547005383792517	modifier	C	0.8688125014305115	7
heart surgery	2.0	2.0	0.0		1.3333333333333333	1.1547005383792517	compound	CC	0.3650029897689819	8
ego trip	2.0	0.0	2.0		1.3333333333333333	1.1547005383792517	compound	AC	0.7592726945877075	8
field day	1.0	1.0	2.0		1.3333333333333333	0.5773502691896257	compound	CC	0.9654512405395508	3
day	1.0	1.0	2.0		1.3333333333333333	0.5773502691896257	head	C	0.6494417190551758	6
culture critic	1.0	2.0	1.0		1.3333333333333333	0.5773502691896257	compound	AC	0.365016371011734	6
dog dinner	1.0	2.0	1.0		1.3333333333333333	0.5773502691896257	compound	CC	0.931191623210907	11
service	2.0	0.0	1.0	2.0	1.25	0.9574271077563381	headmod	A	0.9348335862159728	1
health	0.0	0.0	3.0		1.0	1.7320508075688772	modifier	A	0.8241795301437378	2
recording	2.0	0.0	2.0	0.0	1.0	1.1547005383792515	modifier	C	0.7174644470214844	1
suggestion box	1.0	0.0	2.0		1.0	1.0	compound	AC	0.5901650786399841	2
radio station	2.0	1.0	0.0		1.0	1.0	compound	CC	0.6381258368492126	3
assessment day	0.0	1.0	2.0		1.0	1.0	compound	AC	0.8816326260566711	3
hype machine	0.0	2.0	1.0		1.0	1.0	compound	AC	0.9509455561637878	4
greeting card	0.0	1.0	2.0		1.0	1.0	compound	CC	0.8816342949867249	4
movie critic	1.0	2.0	0.0		1.0	1.0	compound	CC	0.5067749619483948	5
barrier	1.0	2.0	0.0		1.0	1.0	head	C	0.8066662549972534	5
emotion processing	0.0	2.0	1.0		1.0	1.0	compound	AA	0.9270003437995912	5
selection	0.0	2.0	1.0		1.0	1.0	modifier	A	0.9091750979423524	5
pyramid scheme	1.0	0.0	2.0		1.0	1.0	compound	CA	0.8470017313957214	5
box scheme	0.0	2.0	1.0		1.0	1.0	compound	CA	0.8545028567314148	6
confidentiality	2.0	1.0	0.0		1.0	1.0	modifier	A	0.9311853051185608	7
chamber	0.0	1.0	2.0		1.0	1.0	modifier	C	0.4950353503227234	7
gift	2.0	1.0	0.0		1.0	1.0	modifier	C	0.967576026916504	8
closure	0.0	1.0	2.0		1.0	1.0	head	A	0.958875298500061	9
room	1.0	0.0	2.0		1.0	1.0	modifier	C	0.8620533347129822	9
identity card	0.0	2.0	1.0		1.0	1.0	compound	AC	0.1938585638999939	10
propaganda machine	0.0	2.0	1.0		1.0	1.0	compound	AC	0.5787529945373535	10
rice cake	2.0	1.0	0.0		1.0	1.0	compound	CC	0.695389986038208	11
critic	1.0	1.0	1.0	1.0	1.0	0.0	head	C	0.8396194577217102	1
tenancy	1.0	1.0	1.0		1.0	0.0	modifier	A	0.6846089363098145	7
ruling	1.0	1.0	1.0		1.0	0.0	modifier	A	0.8066649436950684	9
ruling party	1.0	1.0	1.0		1.0	0.0	compound	AC	0.7489645481109619	10
blood loss	3.0	0.0	0.0	0.0	0.75	1.5	compound	CA	0.6494306325912476	1
way station	0.0	0.0	2.0	1.0	0.75	0.9574271077563381	compound	AC	0.728762686252594	1
music	0.0	2.0	0.0		0.6666666666666666	1.1547005383792517	headmod	C	0.3097853362560272	0
propaganda	0.0	0.0	2.0		0.6666666666666666	1.1547005383792517	modifier	A	0.7489637732505798	4
independence day	0.0	0.0	2.0		0.6666666666666666	1.1547005383792517	compound	AC	0.934831976890564	11
pain barrier	0.0	1.0	1.0		0.6666666666666666	0.5773502691896258	compound	CC	0.5187923312187195	2
identity	1.0	0.0	1.0		0.6666666666666666	0.5773502691896258	modifier	A	0.7697040438652039	5
protection	0.0	1.0	1.0		0.6666666666666666	0.5773502691896258	head	A	0.862041711807251	5
loan	1.0	0.0	1.0		0.6666666666666666	0.5773502691896258	modifier	C	0.7174633741378784	6
data	1.0	1.0	0.0		0.6666666666666666	0.5773502691896258	modifier	C	0.6953864097595215	7
pension	1.0	0.0	1.0		0.6666666666666666	0.5773502691896258	modifier	C	0.3650161623954773	11
scheme	0.0	0.0	2.0	0.0	0.5	1.0	head	A	0.3349576294422149	1
ballot	0.0	1.0	0.0		0.3333333333333333	0.5773502691896258	modifier	C	0.4950350224971771	0
image processing	1.0	0.0	0.0		0.3333333333333333	0.5773502691896258	compound	CA	0.6953877806663513	0
trip	0.0	0.0	1.0		0.3333333333333333	0.5773502691896258	head	C	0.6953906416893005	2
incentive	0.0	0.0	1.0		0.3333333333333333	0.5773502691896258	modifier	A	0.9744457602500916	2
noise barrier	1.0	0.0	0.0		0.3333333333333333	0.5773502691896258	compound	CC	0.7795605659484863	2
safety barrier	0.0	1.0	0.0		0.3333333333333333	0.5773502691896258	compound	AC	0.8322712182998657	3
loyalty card	1.0	0.0	0.0		0.3333333333333333	0.5773502691896258	compound	AC	0.8322694301605225	4
ice queen	1.0	0.0	0.0		0.3333333333333333	0.5773502691896258	compound	CC	0.7063402533531189	7
card	0.0	0.0	1.0		0.3333333333333333	0.5773502691896258	headmod	C	0.7489644885063171	9
album	1.0	0.0	0.0		0.3333333333333333	0.5773502691896258	head	C	0.3650164306163788	9
noise	0.0	0.0	1.0		0.3333333333333333	0.5773502691896258	modifier	C	0.541570246219635	10
hype	0.0	1.0	0.0		0.3333333333333333	0.5773502691896258	modifier	A	0.898575484752655	10
processing	1.0	0.0	0.0		0.3333333333333333	0.5773502691896258	head	A	0.9799367785453796	11
convenience	1.0	0.0	0.0		0.3333333333333333	0.5773502691896258	modifier	A	0.9451615810394288	11
word	0.0	0.0	0.0		0.0	0.0	modifier	C	0.554412841796875	2
strategy	0.0	0.0	0.0		0.0	0.0	modifier	A	0.5310947895050049	3
fraud scheme	0.0	0.0	0.0		0.0	0.0	compound	AA	0.5787538290023804	3
memory loss	0.0	0.0	0.0		0.0	0.0	compound	AA	0.6257779002189636	5
licensing	0.0	0.0	0.0		0.0	0.0	modifier	A	0.2112551629543304	6
service agreement	0.0	0.0	0.0		0.0	0.0	compound	AA	0.1070589423179626	7
safety	0.0	0.0	0.0		0.0	0.0	modifier	A	0.5544062256813049	7
loan agreement	0.0	0.0	0.0		0.0	0.0	compound	CA	0.0873789638280868	8
privacy	0.0	0.0	0.0		0.0	0.0	modifier	A	0.9091633558273317	9
loyalty	0.0	0.0	0.0		0.0	0.0	modifier	A	0.5544130802154541	10
glove	0.0	0.0	0.0		0.0	0.0	modifier	C	0.7287613153457642	11
fraud	0.0	0.0	0.0		0.0	0.0	modifier	A	0.6148771643638611	11
case	0.0	0.0	0.0		0.0	0.0	modifier	C	0.5415704250335693	11
